mode,model,n,test_rho,ci_lo,ci_hi,p_le0
pooled,CORE_joint,21655,0.19551781813591587,0.06719558602870176,0.30071446520226747,
pooled,sig_nvis_mvg,21655,0.014855641538409608,-0.0656024881102367,0.15803481125549523,
pooled,convertibility,21655,-0.013570644118978667,-0.18782727664505416,0.17862665770782155,
pooled,sig_landsys,21655,0.11564684537926015,0.0020689111627227607,0.19247186329668672,
pooled,DELTA joint-NVIS (paired),21655,0.18066217659750627,0.04463940830005743,0.2947271125476629,0.0005
within,CORE_joint,21655,0.23043881890234458,0.09587521519373232,0.3738214736695058,
within,sig_nvis_mvg,21655,0.15473755437454823,0.04877590794990879,0.28664358756240527,
within,convertibility,21655,-0.02176979512782493,-0.17779560848176343,0.1830560428836698,
within,sig_landsys,21655,0.10858934435355432,-0.009113968185513292,0.2532734478378951,
within,DELTA joint-NVIS (paired),21655,0.07570126452779635,-0.08511616289246156,0.2286926025006211,0.188
