quantity,estimand,est,dl_lo,dl_hi,dl_p,hk_lo,hk_hi,hk_p,mhk_lo,mhk_hi,mhk_p,tau2,I2,k,catchments,loo_min,loo_max
sig_landsys,E-UNIT,0.09181840589060382,0.030738839383223367,0.15221477933995936,0.003253826384930214,0.02986716959975157,0.15306692238476807,0.018105686331302717,-0.007502190071765,0.18934509684333545,0.060379501244773204,0.0,0.0,4,Roper;Larrimah;Wadeye;GunnPoint,0.07570328769609312,0.11782584047576518
sig_landsys,E-AREA,0.2618465909063485,0.08011642901677686,0.42672959526648335,0.00514303701021479,0.01673584042023275,0.47726953868969263,0.04263769640570381,-0.036826018737479704,0.5175755433565792,0.06796925845444957,0.0,0.0,4,Roper;Larrimah;Wadeye;GunnPoint,0.2277486464679397,0.30548163651726523
sig_nvis_mvg,E-UNIT,0.23087091598079906,0.14662562338341606,0.31179121655442954,1.3544413790533838e-07,0.08327036065504803,0.3685592154157217,0.015962594837463095,0.08327036065504803,0.3685592154157217,0.015962594837463095,0.0018172139351270362,17.56266955311,4,Roper;Larrimah;Wadeye;GunnPoint,0.21565887561854233,0.27872868307001136
sig_nvis_mvg,E-AREA,0.24537982627749425,-0.34996188710330906,0.699531057430504,0.4253599724618409,-0.5040231281889733,0.783999476882475,0.39513229391594873,-0.6348683131025902,0.84842687931766,0.48362042687050844,0.2928598763951666,90.46024630109804,4,Roper;Larrimah;Wadeye;GunnPoint,0.0674624845012779,0.537554304653637
cond_dea,E-UNIT,0.09146196277138176,-0.0693039881201409,0.24759755345392986,0.2645741239914552,-0.09991575579585045,0.27631387598263585,0.22571995700304348,-0.16829728234323663,0.3393434648409671,0.345890903273111,0.01888544624033529,80.88237921445504,4,Roper;Larrimah;Wadeye;GunnPoint,0.007543446529690257,0.19061339608762592
cond_dea,E-AREA,-0.08825982268661514,-0.23928877755624295,0.06693915499313237,0.2647810620643254,-0.18215379361231435,0.007229221407560487,0.06040843665419793,-0.3283902396944714,0.1625868966632852,0.3460683525841588,0.0,0.0,4,Roper;Larrimah;Wadeye;GunnPoint,-0.10596887763191078,-0.06873724551045528
convertibility,E-UNIT,0.04920121334215896,-0.17581861405538013,0.26933490299808277,0.6705879358467888,-0.35076210485530623,0.4339837570222944,0.6608532983389179,-0.42096905744578006,0.49853233097589605,0.7119830120859421,0.023693801560104085,63.334265139475654,3,Roper;Larrimah;GunnPoint,-0.07462187535743597,0.19383914015064113
convertibility,E-AREA,0.04903881240926071,-0.1519473427459896,0.24613048284794461,0.6342836200715916,-0.12390612818450553,0.21909234675373515,0.3479600863758703,-0.3755102059104212,0.4565775181536019,0.6811786351925533,0.0,0.0,3,Roper;Larrimah;GunnPoint,-0.04559308256751718,0.07835798512403375
protection,E-UNIT,-0.016502946259160604,-0.050923074316907437,0.017956340523538512,0.34790624455792307,-0.031921256133969754,-0.0010767839476809368,0.04675001709884996,-0.2354181751715438,0.20400600245708847,0.5201367920525835,0.0,0.0,2,Roper;GunnPoint,,
protection,E-AREA,-0.23568823223562593,-0.44403631951464356,-0.003160326516486285,0.047018743384133366,-0.9084457977224609,0.7771560962758552,0.2525134322868998,-0.94436066574174,0.8608172090188488,0.2969428951556512,0.0,0.0,2,Roper;GunnPoint,,
nvis_partial,E-UNIT,0.16840593435207518,0.0749701887284106,0.25891034760375004,0.00044632851710368904,-0.0219723104843402,0.3469982879099155,0.06683807230184158,-0.0219723104843402,0.3469982879099155,0.06683807230184158,0.0038593639115205585,49.00994330644064,4,Roper;Larrimah;Wadeye;GunnPoint,0.1366903677224707,0.24069935367143724
