catchment,mmu_ha,surrogate,n,rho
Roper,0.0,sig_landsys,3079,0.08092307725758757
Roper,0.0,sig_nvis_mvg,3076,0.21798396562194522
Roper,0.0,cond_dea,2665,0.1973944210751649
Roper,0.0,convertibility,2253,-0.07900056143352441
Roper,0.0,protection,3079,-0.016109652336172366
Roper,0.01,sig_landsys,2885,0.08596881069412786
Roper,0.01,sig_nvis_mvg,2882,0.2159291207485275
Roper,0.01,cond_dea,2659,0.19728177410663453
Roper,0.01,convertibility,2104,-0.08172439128916033
Roper,0.01,protection,2885,-0.01925486072934782
Roper,0.1,sig_landsys,2546,0.09628075935904874
Roper,0.1,sig_nvis_mvg,2546,0.22326211830214848
Roper,0.1,cond_dea,2517,0.20410142932975317
Roper,0.1,convertibility,1876,-0.08209880258926985
Roper,0.1,protection,2546,-0.01723228090068421
Roper,0.5,sig_landsys,2046,0.09238897815441459
Roper,0.5,sig_nvis_mvg,2046,0.23439850379389687
Roper,0.5,cond_dea,2044,0.21417803344129377
Roper,0.5,convertibility,1597,-0.060522865510350146
Roper,0.5,protection,2046,-0.013394762307155745
Roper,1.0,sig_landsys,1789,0.0959979424291296
Roper,1.0,sig_nvis_mvg,1789,0.22587643085663958
Roper,1.0,cond_dea,1789,0.23389746279421275
Roper,1.0,convertibility,1428,-0.050583884533614405
Roper,1.0,protection,1789,-0.014127658952339993
Roper,5.0,sig_landsys,1131,0.10113405422722738
Roper,5.0,sig_nvis_mvg,1131,0.20707116314717033
Roper,5.0,cond_dea,1131,0.21139015086895485
Roper,5.0,convertibility,995,-0.049178436826325604
Roper,5.0,protection,1131,-0.02545218571054416
Larrimah,0.0,sig_landsys,19,-0.031817628232249824
Larrimah,0.0,sig_nvis_mvg,19,0.06363525646449965
Larrimah,0.0,cond_dea,19,0.1252448582170299
Larrimah,0.0,convertibility,18,0.17897773496375538
Larrimah,0.0,protection,19,
Larrimah,0.01,sig_landsys,19,-0.031817628232249824
Larrimah,0.01,sig_nvis_mvg,19,0.06363525646449965
Larrimah,0.01,cond_dea,19,0.1252448582170299
Larrimah,0.01,convertibility,18,0.17897773496375538
Larrimah,0.01,protection,19,
Larrimah,0.1,sig_landsys,19,-0.031817628232249824
Larrimah,0.1,sig_nvis_mvg,19,0.06363525646449965
Larrimah,0.1,cond_dea,19,0.1252448582170299
Larrimah,0.1,convertibility,18,0.17897773496375538
Larrimah,0.1,protection,19,
Larrimah,0.5,sig_landsys,19,-0.031817628232249824
Larrimah,0.5,sig_nvis_mvg,19,0.06363525646449965
Larrimah,0.5,cond_dea,19,0.1252448582170299
Larrimah,0.5,convertibility,18,0.17897773496375538
Larrimah,0.5,protection,19,
Larrimah,1.0,sig_landsys,19,-0.031817628232249824
Larrimah,1.0,sig_nvis_mvg,19,0.06363525646449965
Larrimah,1.0,cond_dea,19,0.1252448582170299
Larrimah,1.0,convertibility,18,0.17897773496375538
Larrimah,1.0,protection,19,
Larrimah,5.0,sig_landsys,18,0.0
Larrimah,5.0,sig_nvis_mvg,18,0.06889728182619381
Larrimah,5.0,cond_dea,18,0.1362932551272764
Larrimah,5.0,convertibility,17,0.1948854524814992
Larrimah,5.0,protection,18,
Wadeye,0.0,sig_landsys,407,0.02206495039117983
Wadeye,0.0,sig_nvis_mvg,409,0.5120271270908017
Wadeye,0.0,cond_dea,409,0.10503707383624841
Wadeye,0.0,convertibility,230,
Wadeye,0.0,protection,412,
Wadeye,0.01,sig_landsys,406,0.020350647406621854
Wadeye,0.01,sig_nvis_mvg,409,0.5120271270908017
Wadeye,0.01,cond_dea,409,0.10503707383624841
Wadeye,0.01,convertibility,229,
Wadeye,0.01,protection,411,
Wadeye,0.1,sig_landsys,402,0.024452801916401964
Wadeye,0.1,sig_nvis_mvg,405,0.5119303121166392
Wadeye,0.1,cond_dea,407,0.10986657663851498
Wadeye,0.1,convertibility,229,
Wadeye,0.1,protection,407,
Wadeye,0.5,sig_landsys,332,0.11639700804225632
Wadeye,0.5,sig_nvis_mvg,335,0.5171758854961245
Wadeye,0.5,cond_dea,337,0.11340751232165446
Wadeye,0.5,convertibility,217,
Wadeye,0.5,protection,337,
Wadeye,1.0,sig_landsys,281,0.2028405866452533
Wadeye,1.0,sig_nvis_mvg,284,0.5688798738320207
Wadeye,1.0,cond_dea,285,0.07524722314167004
Wadeye,1.0,convertibility,200,
Wadeye,1.0,protection,285,
Wadeye,5.0,sig_landsys,163,0.38548559478915173
Wadeye,5.0,sig_nvis_mvg,163,0.6605799055314854
Wadeye,5.0,cond_dea,163,0.0932113468572858
Wadeye,5.0,convertibility,137,
Wadeye,5.0,protection,163,
GunnPoint,0.0,sig_landsys,23236,0.14054634180960346
GunnPoint,0.0,sig_nvis_mvg,22681,0.2166314763533889
GunnPoint,0.0,cond_dea,10438,-0.05739064592840465
GunnPoint,0.0,convertibility,19783,0.19615858665927663
GunnPoint,0.0,protection,23315,-0.02024912520846811
GunnPoint,0.01,sig_landsys,20667,0.11874614802733169
GunnPoint,0.01,sig_nvis_mvg,20196,0.24020040926423036
GunnPoint,0.01,cond_dea,10308,-0.05785062742637666
GunnPoint,0.01,convertibility,17268,0.19508737029140255
GunnPoint,0.01,protection,20746,-0.022063206431324194
GunnPoint,0.1,sig_landsys,7223,0.18630850797494683
GunnPoint,0.1,sig_nvis_mvg,7173,0.18055898956051383
GunnPoint,0.1,cond_dea,7149,0.012253059203461251
GunnPoint,0.1,convertibility,4403,0.20961660209205163
GunnPoint,0.1,protection,7289,0.010628340007498916
GunnPoint,0.5,sig_landsys,4447,0.2577792556999529
GunnPoint,0.5,sig_nvis_mvg,4424,0.18153659670474218
GunnPoint,0.5,cond_dea,4475,0.03470535900647448
GunnPoint,0.5,convertibility,2788,0.16120508867599956
GunnPoint,0.5,protection,4476,0.049578778768604156
GunnPoint,1.0,sig_landsys,3408,0.28558587442654293
GunnPoint,1.0,sig_nvis_mvg,3392,0.2036133257926861
GunnPoint,1.0,cond_dea,3424,0.03686770373127082
GunnPoint,1.0,convertibility,2240,0.12980181166571947
GunnPoint,1.0,protection,3424,0.06289892764866886
GunnPoint,5.0,sig_landsys,1314,0.35475603232432734
GunnPoint,5.0,sig_nvis_mvg,1310,0.20900592861796238
GunnPoint,5.0,cond_dea,1315,0.07636841447692645
GunnPoint,5.0,convertibility,910,0.14760850251780985
GunnPoint,5.0,protection,1315,0.04163837875681532
DeepWell,0.0,sig_landsys,6,0.0
DeepWell,0.0,sig_nvis_mvg,6,0.0
DeepWell,0.0,cond_dea,6,0.0
DeepWell,0.0,convertibility,6,
DeepWell,0.0,protection,6,
DeepWell,0.01,sig_landsys,6,0.0
DeepWell,0.01,sig_nvis_mvg,6,0.0
DeepWell,0.01,cond_dea,6,0.0
DeepWell,0.01,convertibility,6,
DeepWell,0.01,protection,6,
DeepWell,0.1,sig_landsys,6,0.0
DeepWell,0.1,sig_nvis_mvg,6,0.0
DeepWell,0.1,cond_dea,6,0.0
DeepWell,0.1,convertibility,6,
DeepWell,0.1,protection,6,
DeepWell,0.5,sig_landsys,6,0.0
DeepWell,0.5,sig_nvis_mvg,6,0.0
DeepWell,0.5,cond_dea,6,0.0
DeepWell,0.5,convertibility,6,
DeepWell,0.5,protection,6,
DeepWell,1.0,sig_landsys,6,0.0
DeepWell,1.0,sig_nvis_mvg,6,0.0
DeepWell,1.0,cond_dea,6,0.0
DeepWell,1.0,convertibility,6,
DeepWell,1.0,protection,6,
DeepWell,5.0,sig_landsys,6,0.0
DeepWell,5.0,sig_nvis_mvg,6,0.0
DeepWell,5.0,cond_dea,6,0.0
DeepWell,5.0,convertibility,6,
DeepWell,5.0,protection,6,
Weddell,0.0,sig_landsys,20437,-0.09564360447926976
Weddell,0.0,sig_nvis_mvg,19251,0.23323283723490984
Weddell,0.0,cond_dea,12994,-0.03279159612722304
Weddell,0.0,convertibility,18412,0.19747523022910826
Weddell,0.0,protection,20481,0.07585296194248797
Weddell,0.01,sig_landsys,17620,-0.11785128954173464
Weddell,0.01,sig_nvis_mvg,16710,0.2757350346638221
Weddell,0.01,cond_dea,12811,-0.033337500491262474
Weddell,0.01,convertibility,15612,0.21251499357047177
Weddell,0.01,protection,17661,0.08291047077556825
Weddell,0.1,sig_landsys,10547,-0.13030883245403518
Weddell,0.1,sig_nvis_mvg,10011,0.40878650413632006
Weddell,0.1,cond_dea,10376,-0.034330072037475935
Weddell,0.1,convertibility,8747,0.2516219295041723
Weddell,0.1,protection,10586,0.02277800413525238
Weddell,0.5,sig_landsys,6591,-0.05862800091192539
Weddell,0.5,sig_nvis_mvg,6239,0.3852904812200922
Weddell,0.5,cond_dea,6594,0.009331425493510223
Weddell,0.5,convertibility,5706,0.26470107409969806
Weddell,0.5,protection,6598,0.024983072706742302
Weddell,1.0,sig_landsys,4915,-0.031797242551293264
Weddell,1.0,sig_nvis_mvg,4655,0.38177074231280206
Weddell,1.0,cond_dea,4916,0.023873881327790083
Weddell,1.0,convertibility,4314,0.2672072742158115
Weddell,1.0,protection,4917,0.028593050663405613
Weddell,5.0,sig_landsys,1615,-0.06435797627385796
Weddell,5.0,sig_nvis_mvg,1542,0.3926591095104392
Weddell,5.0,cond_dea,1615,0.02305112491935614
Weddell,5.0,convertibility,1458,0.15838593071855242
Weddell,5.0,protection,1615,0.06375165919951288
