catchment,quantity,estimand,rho,z,z_var,n,n_tiles
Roper,sig_landsys,E-UNIT,0.0858328832205652,0.0860446049713011,0.001359532654027651,3037,168
Roper,sig_nvis_mvg,E-UNIT,0.2006238265608463,0.20338245794380883,0.0010817120489331094,3034,168
Roper,cond_dea,E-UNIT,0.17140235424835712,0.1731111075119369,0.0006119475306712857,2629,167
Roper,convertibility,E-UNIT,-0.13183716540578017,-0.1326090535382876,0.0011477518750179128,2211,168
Roper,protection,E-UNIT,-0.013584403984945606,-0.013585239681478362,0.00029639512007809257,3037,168
Larrimah,sig_landsys,E-UNIT,-0.031817628232249824,-0.03182837173905002,0.042756354080173586,19,9
Larrimah,sig_nvis_mvg,E-UNIT,0.06363525646449965,0.06372136161045579,0.0728730802855484,19,9
Larrimah,cond_dea,E-UNIT,0.1252448582170299,0.12590596673547014,0.03787740896083259,19,9
Larrimah,convertibility,E-UNIT,0.17897773496375538,0.18092639359241394,0.10870110310871997,18,9
Wadeye,sig_landsys,E-UNIT,0.02206495039117983,0.02206853229979743,0.038475903001541585,407,6
Wadeye,sig_nvis_mvg,E-UNIT,0.5120271270908017,0.56547334088446,0.035319186927378544,409,6
Wadeye,cond_dea,E-UNIT,0.10503707383624841,0.10542593511794934,0.010403953652307818,409,6
GunnPoint,sig_landsys,E-UNIT,0.11640003433659131,0.11693004986630894,0.0049682967627933845,22732,15
GunnPoint,sig_nvis_mvg,E-UNIT,0.20834855298177363,0.21144433565785736,0.005940839766991723,22507,15
GunnPoint,cond_dea,E-UNIT,-0.08188069881500358,-0.08206442677877669,0.004146224732361159,10203,15
GunnPoint,convertibility,E-UNIT,0.17970119311226926,0.18167389334584697,0.015584441898002408,19280,13
GunnPoint,protection,E-UNIT,-0.0316701750849624,-0.031680769856724134,0.0036651380888135503,22811,15
DeepWell,sig_landsys,E-UNIT,0.0,0.0,,6,2
DeepWell,sig_nvis_mvg,E-UNIT,0.0,0.0,,6,2
DeepWell,cond_dea,E-UNIT,0.0,0.0,,6,2
