metric,mmu_ha,exclude_class1,surrogate,est,lo,hi,k
spearman_unit,0.0,False,cond_dea,0.09171865459922908,-0.16856186807723827,0.3400423389052873,4
spearman_unit,0.0,False,convertibility,0.048631163147380786,-0.41496485219027396,0.49217996230789324,3
spearman_unit,0.0,False,protection,-0.01650799937380872,-0.2394842519512997,0.20812238426902813,2
spearman_unit,0.0,False,sig_landsys,0.09000577409671094,-0.007268989031002756,0.18559307785227774,4
spearman_unit,0.0,False,sig_nvis_mvg,0.2290661932589771,0.08768680810262099,0.3613996260292879,4
spearman_unit,0.0,True,cond_dea,0.0745740994037854,-0.18305490223478968,0.32261870967129863,4
spearman_unit,0.0,True,convertibility,0.024680340004543656,-0.4975393504543752,0.5337691883718094,3
spearman_unit,0.0,True,protection,-0.015010280129125047,-0.2267101975059688,0.19804397679056115,2
spearman_unit,0.0,True,sig_landsys,0.08709237241385974,-0.017221159139520763,0.1895303970243151,4
spearman_unit,0.0,True,sig_nvis_mvg,0.21387888977316744,0.07590775128010267,0.34381388828947307,4
spearman_unit,0.1,False,cond_dea,0.114548901607582,-0.09511769759316824,0.3144840922162954,4
spearman_unit,0.1,False,convertibility,0.07267286407306164,-0.44298356700750097,0.5521987508015841,3
spearman_unit,0.1,False,protection,-0.008910710166843219,-0.21722916053456323,0.2001840726357787,2
spearman_unit,0.1,False,sig_landsys,0.11536358426674818,0.020366855611634888,0.20829591719194174,4
spearman_unit,0.1,False,sig_nvis_mvg,0.2259835718137619,0.052560882032113024,0.38617455055964667,4
spearman_unit,0.1,True,cond_dea,0.09359481814853159,-0.1269668036758475,0.3053370136702727,4
spearman_unit,0.1,True,convertibility,0.027532111433098173,-0.4766539967935522,0.5180887525243626,3
spearman_unit,0.1,True,protection,-0.009932740843923463,-0.20566275407698892,0.18656137012662954,2
spearman_unit,0.1,True,sig_landsys,0.12035909252875664,0.02426880649129752,0.2142457935799745,4
spearman_unit,0.1,True,sig_nvis_mvg,0.20963665620396163,0.02070355625085258,0.3841133308562314,4
spearman_unit,1.0,False,cond_dea,0.12567226734381065,-0.10520921449987111,0.34369848384864393,4
spearman_unit,1.0,False,convertibility,0.031324659548223124,-0.28874219789566635,0.34509365069757647,3
spearman_unit,1.0,False,protection,0.019949685036322707,-0.4354720446297861,0.4672404403907074,2
spearman_unit,1.0,False,sig_landsys,0.1702035347780759,-0.07689795867025198,0.39760636228134183,4
spearman_unit,1.0,False,sig_nvis_mvg,0.2547206569526568,-0.01083198215022007,0.4867112096463313,4
spearman_unit,1.0,True,cond_dea,0.10477252866210761,-0.13291497211354114,0.33106419680635896,4
spearman_unit,1.0,True,convertibility,0.0026506203521855613,-0.3686947130168798,0.37326635779133066,3
spearman_unit,1.0,True,protection,0.014600689163947406,-0.39802003293830296,0.422307861823898,2
spearman_unit,1.0,True,sig_landsys,0.17984162485419541,-0.04430924854794025,0.3867530382576747,4
spearman_unit,1.0,True,sig_nvis_mvg,0.24039815707581894,-0.041433847567107815,0.486794640680596,4
spearman_area,0.0,False,cond_dea,-0.08248544787739646,-0.31807475818507314,0.1626983010027768,4
spearman_area,0.0,False,convertibility,0.0390188602214233,-0.3717531199778112,0.4370133902952573,3
spearman_area,0.0,False,protection,-0.23073187607053594,-0.9459186057636673,0.8671750479447264,2
spearman_area,0.0,False,sig_landsys,0.2592651998301199,-0.04230733346436986,0.5175397496887828,4
spearman_area,0.0,False,sig_nvis_mvg,0.1878547121846761,-0.6318283418973469,0.809190104681298,4
spearman_area,0.0,True,cond_dea,-0.10380570028048541,-0.3250179790395337,0.12817670135634499,4
spearman_area,0.0,True,convertibility,0.028985137384509425,-0.3926393985118647,0.440542068102962,3
spearman_area,0.0,True,protection,-0.22980308740626226,-0.9487883905680744,0.8744151806934417,2
spearman_area,0.0,True,sig_landsys,0.26596209148481276,-0.033210676565826915,0.5213922423054145,4
spearman_area,0.0,True,sig_nvis_mvg,0.19001246207186545,-0.6265974436315529,0.8077408456717884,4
spearman_area,0.1,False,cond_dea,-0.08254407351333197,-0.31595272611118735,0.1602857316939766,4
spearman_area,0.1,False,convertibility,0.041510957132096626,-0.3688847401343922,0.4383618750353571,3
spearman_area,0.1,False,protection,-0.23072170007054815,-0.9437951005416236,0.8621841788172406,2
spearman_area,0.1,False,sig_landsys,0.2581944860967966,-0.028649717363199413,0.5057507602146255,4
spearman_area,0.1,False,sig_nvis_mvg,0.1834667156982649,-0.6377326186613685,0.8094660540746982,4
spearman_area,0.1,True,cond_dea,-0.10268777405674967,-0.33671917936921203,0.1432925064201718,4
spearman_area,0.1,True,convertibility,0.027684998708252806,-0.39958362923375856,0.44507157802504116,3
spearman_area,0.1,True,protection,-0.2301856270381129,-0.9521740790012421,0.8822422282447056,2
spearman_area,0.1,True,sig_landsys,0.27465199564378345,-0.03552203218680066,0.5365611837939098,4
spearman_area,0.1,True,sig_nvis_mvg,0.1893950951685802,-0.6296449327155585,0.8090411007327363,4
spearman_area,1.0,False,cond_dea,-0.0851507428219294,-0.320835485915421,0.16046436908464845,4
spearman_area,1.0,False,convertibility,0.032572951770096316,-0.383291581957859,0.43745677477304346,3
spearman_area,1.0,False,protection,-0.22923343884880723,-0.9427378693361907,0.8605203872965447,2
spearman_area,1.0,False,sig_landsys,0.27003996095800925,-0.01576644448314083,0.5150519395446997,4
spearman_area,1.0,False,sig_nvis_mvg,0.18980016747572023,-0.6350215325716099,0.8123995173953835,4
spearman_area,1.0,True,cond_dea,-0.10565138565402704,-0.34409451365226446,0.1455932695072654,4
spearman_area,1.0,True,convertibility,0.029714834652073755,-0.394100494197968,0.4431087250725968,3
spearman_area,1.0,True,protection,-0.23206263465293359,-0.9595819119056095,0.8991699133947624,2
spearman_area,1.0,True,sig_landsys,0.2721935624467222,-0.037596472542848855,0.5342521505318886,4
spearman_area,1.0,True,sig_nvis_mvg,0.18196665896644088,-0.6262443784663188,0.8016616414036819,4
auc_ge4,0.0,False,cond_dea,0.5461944104742988,0.3096785507831531,0.7635487112677667,4
auc_ge4,0.0,False,convertibility,0.5216299119516404,0.29046610568271003,0.7438866847379387,3
auc_ge4,0.0,False,protection,0.4970270252003094,0.4152451957548649,0.5789682427126365,2
auc_ge4,0.0,False,sig_landsys,0.532190230621631,0.4590251994271815,0.6039966827138972,4
auc_ge4,0.0,False,sig_nvis_mvg,0.6670482266686288,0.5605004641518183,0.7588776300477861,4
auc_ge4,0.0,True,cond_dea,0.5349081721053317,0.3064826689608284,0.7495728541039308,4
auc_ge4,0.0,True,convertibility,0.5083279218500103,0.2440864764152209,0.7679967186889545,3
auc_ge4,0.0,True,protection,0.49753790380984225,0.41525193703814467,0.5799574567718241,2
auc_ge4,0.0,True,sig_landsys,0.527445190431898,0.4493560136534778,0.6042141564870636,4
auc_ge4,0.0,True,sig_nvis_mvg,0.6599456714174973,0.5501856999088901,0.7548563711525254,4
auc_ge4,0.1,False,cond_dea,0.5618448242673583,0.36087897035896305,0.7443793620511154,4
auc_ge4,0.1,False,convertibility,0.5241229011477552,0.2966797296743403,0.7419813637007387,3
auc_ge4,0.1,False,protection,0.4984271543323092,0.4099699235910282,0.5869829518907496,2
auc_ge4,0.1,False,sig_landsys,0.5366194394827869,0.46054701740781323,0.6110247350141831,4
auc_ge4,0.1,False,sig_nvis_mvg,0.7278471293031703,0.5025757131262407,0.8762243234689865,4
auc_ge4,0.1,True,cond_dea,0.5459571922431715,0.33748835343076594,0.7394679989267892,4
auc_ge4,0.1,True,convertibility,0.5010066430737771,0.27451692336372924,0.727084006297224,3
auc_ge4,0.1,True,protection,0.49918100222260553,0.41356728413300764,0.5848427715161859,2
auc_ge4,0.1,True,sig_landsys,0.5270493171112832,0.4325757344892644,0.6196247720247617,4
auc_ge4,0.1,True,sig_nvis_mvg,0.7201144372226032,0.48873747302800546,0.8738146449643742,4
auc_ge4,1.0,False,cond_dea,0.5758804461327327,0.3969310129243038,0.7369233594823333,4
auc_ge4,1.0,False,convertibility,0.5040966102154373,0.4056675297140321,0.6022091774974971,3
auc_ge4,1.0,False,protection,0.5098957234239649,0.2944917531882886,0.7216866865854915,2
auc_ge4,1.0,False,sig_landsys,0.5598646513744239,0.47902903134965663,0.6376453112256809,4
auc_ge4,1.0,False,sig_nvis_mvg,0.7331933898928036,0.5038570441040621,0.8814613763963525,4
auc_ge4,1.0,True,cond_dea,0.5620859721090719,0.3805460924414222,0.7283951428553387,4
auc_ge4,1.0,True,convertibility,0.48814510011480694,0.3583759645430871,0.6195321520472338,3
auc_ge4,1.0,True,protection,0.5096686081393367,0.2956767409821037,0.7201748664341838,2
auc_ge4,1.0,True,sig_landsys,0.5671090067192278,0.4859088561966724,0.644857599955427,4
auc_ge4,1.0,True,sig_nvis_mvg,0.7284851347828994,0.49253558739293263,0.8811913443587478,4
auc_eq5,0.0,False,cond_dea,0.619243515563372,0.4045621979906278,0.7956245395527346,3
auc_eq5,0.0,False,convertibility,0.42148022500514815,0.00012810182882855035,0.9997586828637354,2
auc_eq5,0.0,False,protection,0.48151065324135417,0.3502388310547362,0.615385488130554,2
auc_eq5,0.0,False,sig_landsys,0.6589797984598756,0.45399208511418,0.8178809256859547,3
auc_eq5,0.0,False,sig_nvis_mvg,0.7362713669030937,0.09871829114098389,0.9861415369430635,3
auc_eq5,0.0,True,cond_dea,0.6170705186038377,0.40889879351039937,0.7896446002649915,3
auc_eq5,0.0,True,convertibility,0.4157847275945727,0.00011167053864694075,0.99977955507301,2
auc_eq5,0.0,True,protection,0.48005469877508894,0.3472581265990483,0.6157307388211382,2
auc_eq5,0.0,True,sig_landsys,0.6529204998267432,0.44099392651888436,0.8177134789976258,3
auc_eq5,0.0,True,sig_nvis_mvg,0.7340700802093281,0.09860331532752575,0.9858471306790937,3
auc_eq5,0.1,False,cond_dea,0.631272733661643,0.42436362908617287,0.7990306560712376,3
auc_eq5,0.1,False,convertibility,0.424565225867628,5.586893915222328e-05,0.9998973749259868,2
auc_eq5,0.1,False,protection,0.4786290734257366,0.3066934169013798,0.6557817330002009,2
auc_eq5,0.1,False,sig_landsys,0.703948321639483,0.29174201897937585,0.9320921680517906,3
auc_eq5,0.1,False,sig_nvis_mvg,0.705388759736525,0.03661050353047353,0.9934146944626298,3
auc_eq5,0.1,True,cond_dea,0.6263168866822793,0.42210552418288344,0.7936440633734101,3
auc_eq5,0.1,True,convertibility,0.41563524901750265,5.699580158185785e-05,0.9998873420176743,2
auc_eq5,0.1,True,protection,0.4790289881581594,0.31664778665671905,0.6459659652428954,2
auc_eq5,0.1,True,sig_landsys,0.7078083634134752,0.3007627039868119,0.9317060117129019,3
auc_eq5,0.1,True,sig_nvis_mvg,0.7020617480120398,0.035191134493665614,0.9934739503258934,3
auc_eq5,1.0,False,cond_dea,0.630964622815863,0.2883804787618329,0.8782516798460567,3
auc_eq5,1.0,False,convertibility,0.4131336888137887,7.078651268271934e-05,0.9998571710103302,2
auc_eq5,1.0,False,protection,0.4813694684991059,0.2792787155329081,0.6897453253473449,2
auc_eq5,1.0,False,sig_landsys,0.7389334573943422,0.41435294384721155,0.9188530332058548,3
auc_eq5,1.0,False,sig_nvis_mvg,0.7173096808090214,0.04235294215069739,0.9931779692609287,3
auc_eq5,1.0,True,cond_dea,0.6269991262086926,0.2899563337100383,0.873727348767812,3
auc_eq5,1.0,True,convertibility,0.40692951586843334,6.089941002911203e-05,0.9998706526326478,2
auc_eq5,1.0,True,protection,0.480550936418572,0.28482166721934765,0.6824377861728654,2
auc_eq5,1.0,True,sig_landsys,0.7370863570054126,0.4066028718784757,0.9198112881595055,3
auc_eq5,1.0,True,sig_nvis_mvg,0.7140647224907661,0.03977818682259617,0.9934012987931682,3
kendall_tau_b,0.0,False,cond_dea,0.07362919641175268,-0.1349673126522941,0.27597621333263217,4
kendall_tau_b,0.0,False,convertibility,0.043725669699407596,-0.39505174391751274,0.46625872514078437,3
kendall_tau_b,0.0,False,protection,-0.016024830302001105,-0.2188104455219088,0.1880876958626474,2
kendall_tau_b,0.0,False,sig_landsys,0.07667065643932833,-0.0015624429414121998,0.15397094979873496,4
kendall_tau_b,0.0,False,sig_nvis_mvg,0.1917340573773434,0.07432435979483297,0.30390094325928246,4
kendall_tau_b,0.0,True,cond_dea,0.06014509100005624,-0.1448703904377496,0.2602088182881582,4
kendall_tau_b,0.0,True,convertibility,0.024441748670127397,-0.473278080032545,0.5103326463134499,3
kendall_tau_b,0.0,True,protection,-0.0145068022637079,-0.20882533870594497,0.18091372379311085,2
kendall_tau_b,0.0,True,sig_landsys,0.07395532913758063,-0.009915939710330533,0.15679330376348516,4
kendall_tau_b,0.0,True,sig_nvis_mvg,0.1868087015363308,0.04423593381704663,0.32192394651665307,4
kendall_tau_b,0.1,False,cond_dea,0.09151346066578607,-0.08062366113638382,0.2583498876697856,4
kendall_tau_b,0.1,False,convertibility,0.06350798728732757,-0.412398719901807,0.5121834401283973,3
kendall_tau_b,0.1,False,protection,-0.008619681051713722,-0.2035956228140277,0.18701388502019667,2
kendall_tau_b,0.1,False,sig_landsys,0.10301554935914256,0.02071491873779102,0.18392944803766073,4
kendall_tau_b,0.1,False,sig_nvis_mvg,0.18930282779009128,0.051273900248393206,0.3202351140627725,4
kendall_tau_b,0.1,True,cond_dea,0.07464776706896073,-0.10693171904725593,0.2514085918856001,4
kendall_tau_b,0.1,True,convertibility,0.02398310374176234,-0.4546184189454604,0.49183803972721146,3
kendall_tau_b,0.1,True,protection,-0.009988495636195147,-0.19415031433158772,0.1748534241592787,2
kendall_tau_b,0.1,True,sig_landsys,0.10196366870307194,0.018008423497892338,0.18449113613164064,4
kendall_tau_b,0.1,True,sig_nvis_mvg,0.17631838797265012,0.016856100967860495,0.3270336842607808,4
kendall_tau_b,1.0,False,cond_dea,0.10103460545066006,-0.09036842250258913,0.2852397188295854,4
kendall_tau_b,1.0,False,convertibility,0.028218632662313208,-0.2695517359091175,0.3210637165200029,3
kendall_tau_b,1.0,False,protection,0.018616197830249655,-0.41748229228692274,0.4477445194227459,2
kendall_tau_b,1.0,False,sig_landsys,0.1442700030904541,-0.07319294590585192,0.34863700775227224,4
kendall_tau_b,1.0,False,sig_nvis_mvg,0.20914772666771633,0.00380706271193623,0.3975644024827616,4
kendall_tau_b,1.0,True,cond_dea,0.0837972175896194,-0.10906205023515458,0.27057668120591744,4
kendall_tau_b,1.0,True,convertibility,0.0037857941756948145,-0.34804264070634,0.3546794699697875,3
kendall_tau_b,1.0,True,protection,0.014872105550594497,-0.3842715997735161,0.409331666269776,2
kendall_tau_b,1.0,True,sig_landsys,0.15240861844902212,-0.04661293481956351,0.33979217875985246,4
kendall_tau_b,1.0,True,sig_nvis_mvg,0.20904456663247353,-0.03212949505601128,0.4272147744954018,4
