metric,mmu_ha,exclude_class1,diff_nvis_minus_landsys,lo,hi,dl_lo,dl_hi,k,best_surrogate,best_est
spearman_unit,0.0,False,0.2082138312927489,-0.09229776958922803,0.5087254321747259,0.027162918957763293,0.3892647436277345,4,sig_nvis_mvg,0.2290661932589771
spearman_unit,0.0,True,0.20565673956666003,-0.1189693062068421,0.5302827853401622,0.005726563632637016,0.40558691550068304,4,sig_nvis_mvg,0.21387888977316744
spearman_unit,0.1,False,0.1856873296332904,-0.17048068253932255,0.5418553418059033,-0.02188485925819636,0.39325951852477714,4,sig_nvis_mvg,0.2259835718137619
spearman_unit,0.1,True,0.16734548155798384,-0.20547063116809305,0.5401615942840607,-0.04827570314498672,0.38296666626095444,4,sig_nvis_mvg,0.20963665620396163
spearman_unit,1.0,False,0.12258386970744438,-0.2063326525802407,0.4515003919951295,-0.07747893446775785,0.3226466738826466,4,sig_nvis_mvg,0.2547206569526568
spearman_unit,1.0,True,0.10573777957160874,-0.23721025631533665,0.4486858154585541,-0.0974389456261694,0.30891450476938687,4,sig_nvis_mvg,0.24039815707581894
spearman_area,0.0,False,-0.10019964946176746,-1.0814229444665124,0.8810236455429774,-0.7045139013679016,0.5041146024443668,4,sig_landsys,0.2592651998301199
spearman_area,0.0,True,-0.11959705639567221,-1.1089661410445952,0.8697720282532507,-0.7289281243517988,0.4897340115604544,4,sig_landsys,0.26596209148481276
spearman_area,0.1,False,-0.10849719762111196,-1.10149647466101,0.8845020794187861,-0.7200640227287408,0.5030696274865168,4,sig_landsys,0.2581944860967966
spearman_area,0.1,True,-0.11585919775982108,-1.0928363792893943,0.8611179837697521,-0.7175583600107056,0.4858399644910634,4,sig_landsys,0.27465199564378345
spearman_area,1.0,False,-0.10879474760585925,-1.1165506279967512,0.8989611327850326,-0.7294498462595094,0.5118603510477908,4,sig_landsys,0.27003996095800925
spearman_area,1.0,True,-0.12605723406593503,-1.1023731784481836,0.8502587103163136,-0.727349154627744,0.47523468649587386,4,sig_landsys,0.2721935624467222
auc_ge4,0.0,False,0.15827232188972692,-0.003102869984439205,0.31964751376389305,0.05888482380431509,0.25765981997513876,4,sig_nvis_mvg,0.6670482266686288
auc_ge4,0.0,True,0.16150405541194923,-0.022716925869407184,0.3457250366933057,0.048046328658816556,0.27496178216508194,4,sig_nvis_mvg,0.6599456714174973
auc_ge4,0.1,False,0.21562990620972358,-0.05122515743218811,0.48248496985163525,0.05127963143221145,0.37998018098723574,4,sig_nvis_mvg,0.7278471293031703
auc_ge4,0.1,True,0.21469875931311863,-0.07870564654055642,0.5081031651667937,0.03399731762081762,0.3954002010054196,4,sig_nvis_mvg,0.7201144372226032
auc_ge4,1.0,False,0.11961373955217602,0.018769608964396223,0.22045787013995582,0.057506015810268776,0.18172146329408329,4,sig_nvis_mvg,0.7331933898928036
auc_ge4,1.0,True,0.12999033478275818,-0.021526882097146816,0.28150755166266317,0.03667415075429349,0.22330651881122288,4,sig_nvis_mvg,0.7284851347828994
auc_eq5,0.0,False,0.09458087467853771,-0.7939633565806974,0.9831251059377728,-0.3101802814445805,0.4993420308016559,3,sig_nvis_mvg,0.7362713669030937
auc_eq5,0.0,True,0.09398647813466518,-0.7881006311123941,0.9760735873817246,-0.30783324628597897,0.4958062025553094,3,sig_nvis_mvg,0.7340700802093281
auc_eq5,0.1,False,-0.0026553323135189194,-1.217926137799119,1.212615473172081,-0.5562512017435834,0.5509405371165457,3,sig_nvis_mvg,0.705388759736525
auc_eq5,0.1,True,-0.005881838719884528,-1.259348762613272,1.247585085173503,-0.5768772978408769,0.5651136204011078,3,sig_landsys,0.7078083634134752
auc_eq5,1.0,False,-0.030881380274665377,-1.1800505600769953,1.1182877995276643,-0.5543657825521486,0.4926030220028179,3,sig_landsys,0.7389334573943422
auc_eq5,1.0,True,-0.03222071986869771,-1.1742697750401145,1.1098283353027192,-0.552461670918925,0.48802023118152954,3,sig_landsys,0.7370863570054126
kendall_tau_b,0.0,False,0.17120316272853522,-0.06757344645185184,0.4099797719089223,0.02587988172079178,0.3165264437362787,4,sig_nvis_mvg,0.1917340573773434
kendall_tau_b,0.0,True,0.16406852854909923,-0.0866587667967211,0.41479582389491954,0.009650998216592127,0.3184860588816063,4,sig_nvis_mvg,0.1868087015363308
kendall_tau_b,0.1,False,0.14788013094918753,-0.14316647915434474,0.4389267410527198,-0.024073685939184658,0.3198339478375597,4,sig_nvis_mvg,0.18930282779009128
kendall_tau_b,0.1,True,0.12692994702468238,-0.17487534100172644,0.42873523505109123,-0.04489549717427602,0.2987553912236408,4,sig_nvis_mvg,0.17631838797265012
kendall_tau_b,1.0,False,0.09292629463607573,-0.18871633158031909,0.3745689208524705,-0.08053132080508289,0.26638391007723433,4,sig_nvis_mvg,0.20914772666771633
kendall_tau_b,1.0,True,0.07506325226330765,-0.21057402120952937,0.36070052573614464,-0.09708251161480638,0.24720901614142168,4,sig_nvis_mvg,0.20904456663247353
