catchment,quantity,estimand,rho,z,z_var,n,n_tiles,n_boot_ok
Roper,sig_landsys,E-UNIT,0.08092307725758757,0.08110041736157425,0.0013877839153127113,3079,168,
Roper,sig_landsys,E-AREA,0.2675787721506312,0.2742540424256447,0.01337790196703037,3079,168,
Roper,sig_nvis_mvg,E-UNIT,0.21798396562194522,0.22153851950716177,0.0011857234045820253,3076,168,
Roper,sig_nvis_mvg,E-AREA,-0.272504957617237,-0.2795677299775975,0.012898316401840252,3076,168,
Roper,cond_dea,E-UNIT,0.1973944210751649,0.20001987520384854,0.0006698256347965119,2665,167,
Roper,cond_dea,E-AREA,-0.10024426491608025,-0.10058208606237756,0.010172635507823302,2665,167,
Roper,convertibility,E-UNIT,-0.07900056143352441,-0.07916552946087538,0.0015713052694996316,2253,168,
Roper,convertibility,E-AREA,0.08135871548237124,0.08153894277686789,0.014292190745271835,2253,168,
Roper,protection,E-UNIT,-0.016109652336172366,-0.016111046150362174,0.0003416176943653367,3079,168,
Roper,protection,E-AREA,-0.2099774045896947,-0.21314770884318632,0.01568441491130041,3079,168,
Roper,nvis_partial,E-UNIT,0.13763340349892275,0.13851247776523815,0.0009965431660687767,2251,168,2000.0
Larrimah,sig_landsys,E-UNIT,-0.031817628232249824,-0.03182837173905002,0.04527407091913007,19,9,
Larrimah,sig_landsys,E-AREA,0.5081755697301131,0.5602670817899275,0.5473902237199633,19,9,
Larrimah,sig_nvis_mvg,E-UNIT,0.06363525646449965,0.06372136161045579,0.06969453899001783,19,9,
Larrimah,sig_nvis_mvg,E-AREA,-0.38629289964007485,-0.4074353528199052,1.3109054439003114,19,9,
Larrimah,cond_dea,E-UNIT,0.1252448582170299,0.12590596673547014,0.03708955789857566,19,9,
Larrimah,cond_dea,E-AREA,0.1157654666956708,0.11628681447386909,0.42559123623329836,19,9,
Larrimah,convertibility,E-UNIT,0.17897773496375538,0.18092639359241394,0.0912126747305943,18,9,
Larrimah,convertibility,E-AREA,-0.1888482904387064,-0.19114259643507137,1.276180184765977,18,9,
Larrimah,nvis_partial,E-UNIT,0.053345161015546254,0.053395849141724266,0.10168469254735803,18,9,1989.0
Wadeye,sig_landsys,E-UNIT,0.02206495039117983,0.02206853229979743,0.03824679796029246,407,6,
Wadeye,sig_landsys,E-AREA,0.4495847540002574,0.4841797158798974,0.06386959236041288,407,6,
Wadeye,sig_nvis_mvg,E-UNIT,0.5120271270908017,0.56547334088446,0.035519446148900326,409,6,
Wadeye,sig_nvis_mvg,E-AREA,0.4914990024072445,0.5380348788907817,0.037304377008175835,409,6,
Wadeye,cond_dea,E-UNIT,0.10503707383624841,0.10542593511794934,0.01004992003205517,409,6,
Wadeye,cond_dea,E-AREA,0.008574459177760028,0.008574669322302142,0.04048301118900097,409,6,
Wadeye,nvis_partial,E-UNIT,0.45038460422103294,0.4851826456599413,0.020123784805667958,226,6,2000.0
GunnPoint,sig_landsys,E-UNIT,0.14054634180960346,0.1414828837953389,0.003959623322779894,23236,15,
GunnPoint,sig_landsys,E-AREA,0.005753144143599921,0.0057532076186622575,0.05992388770178029,23236,15,
GunnPoint,sig_nvis_mvg,E-UNIT,0.2166314763533889,0.2201189963398692,0.0059398210600841925,22681,15,
GunnPoint,sig_nvis_mvg,E-AREA,0.5701173815808898,0.6476967349423571,0.019185200558105655,22681,15,
GunnPoint,cond_dea,E-UNIT,-0.05739064592840465,-0.057453779668020545,0.003638809317562992,10438,15,
GunnPoint,cond_dea,E-AREA,-0.1381157006550007,-0.13900412076616792,0.029887412523110356,10438,15,
GunnPoint,convertibility,E-UNIT,0.19615858665927663,0.19873426031347644,0.014283910320357198,19783,13,
GunnPoint,convertibility,E-AREA,-0.040687116213474726,-0.04070959025293345,0.043105241224844916,19783,13,
GunnPoint,protection,E-UNIT,-0.02024912520846811,-0.02025189345270437,0.003254193161425282,23315,15,
GunnPoint,protection,E-AREA,-0.5471598911426142,-0.6143185491265954,0.21687435602319702,23315,15,
GunnPoint,nvis_partial,E-UNIT,0.13641555121430682,0.13727132173298462,0.002046475805372598,19154,13,2000.0
DeepWell,sig_landsys,E-UNIT,0.0,0.0,,6,2,
DeepWell,sig_landsys,E-AREA,-0.006935952107537627,-0.006936063334362099,,6,2,
DeepWell,sig_nvis_mvg,E-UNIT,0.0,0.0,,6,2,
DeepWell,sig_nvis_mvg,E-AREA,0.041245084092748595,0.04126849611456127,,6,2,
DeepWell,cond_dea,E-UNIT,0.0,0.0,,6,2,
DeepWell,cond_dea,E-AREA,-0.44150466431766755,-0.4740982429232877,,6,2,
