catchment,surrogate,threshold,n,n_high,auc,auc_var,capture_enrichment_top20
Roper,sig_landsys,>=4,3079,2600,0.5467604785611049,0.0008197710539010126,1.5747448090131215
Roper,sig_landsys,==5,3079,71,0.656093141294576,0.010956788972531285,4.57737485927008
Roper,sig_nvis_mvg,>=4,3076,2597,0.633519244543447,0.0005016134158556058,0.735941870461196
Roper,sig_nvis_mvg,==5,3076,71,0.8535258137845375,0.0026622829771498595,4.960343067047996
Roper,cond_dea,>=4,2665,2257,0.6400430686231072,0.0004705251544407602,1.0736928536788388
Roper,cond_dea,==5,2665,61,0.6937089219611694,0.0011960937266008358,4.955371459419074
Roper,convertibility,>=4,2253,1775,0.46047085862455067,0.00048700914241368685,1.7772340559161774
Roper,convertibility,==5,2253,42,0.2778531584501734,0.0011467581492915376,0.0
Roper,protection,>=4,3079,2600,0.4963240725871206,4.1003551637530645e-05,0.55560382577233
Roper,protection,==5,3079,71,0.48409874138447706,0.0002075292490478225,0.0
Larrimah,sig_landsys,>=4,19,17,0.47058823529411764,0.035868638430821075,4.862577206984479
Larrimah,sig_nvis_mvg,>=4,19,17,0.5588235294117647,0.04774233356891417,0.6740731511595401
Larrimah,cond_dea,>=4,19,17,0.6176470588235294,0.028413507318803242,2.8234718946194617
Larrimah,convertibility,>=4,18,16,0.65625,0.050798702060038926,1.5853184047702313
Wadeye,sig_landsys,>=4,407,333,0.5345548250953657,0.01629228371047617,2.0116008266195076
Wadeye,sig_landsys,==5,407,297,0.5089531680440771,0.014680726703090494,2.272665136891906
Wadeye,sig_nvis_mvg,>=4,409,333,0.8060494705231548,0.005430515721964815,2.8402332838941327
Wadeye,sig_nvis_mvg,==5,409,298,0.8332728701856219,0.00506573382124301,3.3124040647001873
Wadeye,cond_dea,>=4,409,333,0.5615418049628575,0.004078742317920601,1.4169187942052304
Wadeye,cond_dea,==5,409,298,0.5689582199649313,0.0036639681364569803,1.1639982923369618
GunnPoint,sig_landsys,>=4,23236,14563,0.5019232824848702,0.0017170254240989427,1.5453715745016652
GunnPoint,sig_landsys,==5,23236,4794,0.6914120918599357,0.0015609522551079432,3.6134816792203965
GunnPoint,sig_nvis_mvg,>=4,22681,14451,0.6881024138806355,0.0012697775906886882,2.0886436137242668
GunnPoint,sig_nvis_mvg,==5,22681,4707,0.4625485756412923,0.0011282293330439777,1.2687654902811876
GunnPoint,cond_dea,>=4,10438,7647,0.40149861941583326,0.0014969904592282675,1.713051423858389
GunnPoint,cond_dea,==5,10438,1661,0.5664052240417923,0.00283122004230943,2.7338394226957434
GunnPoint,convertibility,>=4,19783,11118,0.584301876518036,0.002313823675740461,2.0033137551333744
GunnPoint,convertibility,==5,19783,4692,0.6007319236868369,0.007685083355093856,2.585813228923944
GunnPoint,protection,>=4,23315,14642,0.5036062742104568,0.0004459081479116776,0.5946613431463154
GunnPoint,protection,==5,23315,4795,0.4781772263224156,0.00018258710089663323,0.14296298357018722
DeepWell,sig_landsys,>=4,6,2,0.375,,0.9605012742623665
DeepWell,sig_nvis_mvg,>=4,6,2,0.625,,1.3491847828057697
DeepWell,cond_dea,>=4,6,2,0.75,,0.4049561935148695
Weddell,sig_landsys,>=4,20437,6150,0.3782927569039112,0.009882918748791911,0.591532456425757
Weddell,sig_landsys,==5,20437,797,0.6141631870532828,0.0078742127316058,2.2929130130350015
Weddell,sig_nvis_mvg,>=4,19251,6036,0.656054955423218,0.0035682090888455227,3.228516800320534
Weddell,sig_nvis_mvg,==5,19251,754,0.46875068564419864,0.003237768812267725,0.23524207841844108
Weddell,cond_dea,>=4,12994,4252,0.405927107014439,0.0008875250026406774,0.6587042504411014
Weddell,cond_dea,==5,12994,476,0.5491677698400018,0.012389566105120075,1.502761970633022
Weddell,convertibility,>=4,18412,4136,0.5535588837740418,0.00043287688977932916,0.853456170762103
Weddell,convertibility,==5,18412,777,0.596846938071775,0.0028726376715194125,1.9864613522893915
Weddell,protection,>=4,20481,6191,0.51897435938012,0.0005718249532852947,1.0602446027946055
Weddell,protection,==5,20481,797,0.47889148547043286,0.000250053794482965,0.8119154480291587
