surrogate,estimand,pooled_rho,ci_lo,ci_hi,p,I2,k
sig_landsys,E-UNIT,0.091,0.03,0.151,0.0035,0.0,4
sig_landsys,E-AREA,0.304,0.17,0.427,0.0,0.0,4
sig_nvis_mvg,E-UNIT,0.23,0.149,0.307,0.0,16.0,4
sig_nvis_mvg,E-AREA,0.366,-0.24,0.767,0.2311,89.0,4
cond_dea,E-UNIT,0.091,-0.073,0.25,0.2763,81.0,4
cond_dea,E-AREA,-0.039,-0.175,0.098,0.5765,0.0,4
convertibility,E-UNIT,0.046,-0.18,0.268,0.6907,63.0,3
convertibility,E-AREA,0.033,-0.2,0.263,0.7833,0.0,3
protection,E-UNIT,-0.016,-0.051,0.018,0.3545,0.0,2
protection,E-AREA,-0.269,-0.5,-0.002,0.0486,0.0,2
