model,n,estimand,test_rho,ci_lo,ci_hi,train_rho,overfit_gap
sig_landsys,26747,E-UNIT,0.095,-0.041,0.177,0.138,0.043
sig_landsys,26747,E-AREA,0.328,0.131,0.483,0.265,-0.063
sig_nvis_mvg,26191,E-UNIT,0.103,0.018,0.255,0.2,0.097
sig_nvis_mvg,26191,E-AREA,0.031,-0.256,0.333,0.288,0.257
cond_dea,13537,E-UNIT,-0.121,-0.203,0.001,-0.027,0.093
cond_dea,13537,E-AREA,0.117,-0.078,0.278,0.071,-0.046
convertibility,22290,E-UNIT,0.023,-0.162,0.19,0.168,0.145
convertibility,22290,E-AREA,0.051,-0.224,0.269,0.074,0.023
protection,26831,E-UNIT,-0.224,-0.258,-0.131,0.023,0.247
protection,26831,E-AREA,-0.051,-0.295,0.251,0.231,0.282
CORE_joint,21655,E-UNIT,0.178,0.038,0.292,0.307,0.129
CORE_joint,21655,E-AREA,0.3,0.072,0.485,0.322,0.022
FULL_joint,9317,E-UNIT,0.235,0.125,0.313,0.306,0.071
FULL_joint,9317,E-AREA,0.318,0.08,0.505,0.304,-0.014
