catchment,surrogate,n,n_eff,rho_unit,rho_area,rho_area_lev
Roper,sig_landsys,3079,1538.3,0.08092307725758757,0.27639937456772923,0.15377906873434957
Roper,sig_nvis_mvg,3076,1824.4,0.21798396562194525,-0.15723128142721884,0.12182860241838277
Roper,cond_dea,2665,1668.2,0.19739442107516492,-0.04355922097991387,0.0992189125219006
Roper,convertibility,2253,1230.5,-0.07900056143352442,0.07514201458344133,-0.08177389893673045
Roper,protection,3079,1565.7,-0.016109652336172366,-0.22782423879241648,0.01588947383825262
Larrimah,sig_landsys,19,19.0,-0.031817628232249824,0.5161502745095371,0.09666398491623637
Larrimah,sig_nvis_mvg,19,19.0,0.06363525646449965,-0.36243358358816574,0.3259386562676039
Larrimah,cond_dea,19,19.0,0.1252448582170299,0.21588181731699083,0.7860146577483441
Larrimah,convertibility,18,18.0,0.17897773496375538,-0.26311490422417255,0.45671655794245053
Wadeye,sig_landsys,407,115.1,0.022064950391179835,0.40763662291363356,0.3253644714466062
Wadeye,sig_nvis_mvg,409,133.5,0.5120271270908017,0.6123273528979881,0.6577696811571149
Wadeye,cond_dea,409,141.8,0.1050370738362484,-0.07900597559238129,-0.021632480785164224
GunnPoint,sig_landsys,23236,2599.2,0.14054634180960346,0.3075875254769589,0.16345695905001212
GunnPoint,sig_nvis_mvg,22681,3164.4,0.21663147635338886,0.7370640392133528,0.21514996418183432
GunnPoint,cond_dea,10438,3115.8,-0.057390645928404656,-0.028499757851539808,0.0318902203907249
GunnPoint,convertibility,19783,2165.1,0.19615858665927663,-0.08504013223813658,0.1712064764617923
GunnPoint,protection,23315,2556.5,-0.02024912520846811,-0.5773184379298445,0.04306633033134069
DeepWell,sig_landsys,6,3.0,0.0,-0.004401793011043945,
DeepWell,sig_nvis_mvg,6,3.0,0.0,0.026175544479622136,
DeepWell,cond_dea,6,3.0,0.0,-0.4218746955227022,
